key,en,dv,dv_v2
brand,Hingaa Male',ހިނގާ މާލެ,ހިނގާ މާލެ
nav_pledges,Pledges,ވައުދުތައް,ވައުދުތައް
nav_issues,Issues,މައްސަލަތައް,މައްސަލަތައް
nav_manifesto,Manifesto,މެނިފެސްޓޯ,މެނިފެސްޓޯ
nav_about,Who am I?,އަހަންނަކީ ކާކު؟,އަހަންނަކީ ކާކު؟
nav_ledger,Ledger,ލެޖަރ,ލެޖަރ
nav_get_involved,Get involved,ބައިވެރިވޭ,ބައިވެރިވޭ
nav_contact,Contact,ގުޅޭ,ގުޅޭ
nav_volunteer,Volunteer,ވޮލަންޓިއަރ,ވޮލަންޓިއަރ
phase_label,Phase 1: Listening,ފޭސް 1: އަޑުއެހުން,ފޭސް 1: އަޑުއެހުން
hero_kicker,"Mayor of Male' City, Maldives",މާލެ ސިޓީ، ދިވެހިރާއްޖެގެ މޭޔަރ,މާލެ ސިޓީ، ދިވެހިރާއްޖެގެ މޭޔަރ
hero_title,"A community-first vision for a pedestrianized Male', dignified living for everyone",ހިނގާބިނގާވެ އުޅެވޭ މާލެއެއް ހެދުމަށް މުޖުތަމައު އިސް ތަސައްވުރެއް، ކޮންމެ މީހަކަށް ކަރާމާތްތެރި ދިރިއުޅުން,މުޖުތަމައު އެންމެ ކުރިއަށް — ފައިމަގުގައި ހިނގޭ މާލެއެއް، ކޮންމެ މީހަކަށް ޢިއްޒަތްތެރި ދިރިއުޅުމެއް
hero_subtitle,"We deserve a mayor who puts residents first and never a party. Focused on everyday services: decongestion, waste, public safety and a transparent adminstration that improves YOUR daily quality of life.",އަޅުގަނޑުމެންނަށް ޙައްޤީ ރައްޔިތުން އިސްކޮށް ދުވަހަކުވެސް ޕާޓީއެއް ނޫން މޭޔަރެއް. ކޮންމެ ދުވަހެއްގެ ޚިދުމަތްތަކަށް އަމާޒު: ތޮއްޖެހުން ކުޑަކުރުން، ކުނި، ޢާންމު ރައްކާތެރިކަން، އަދި ތިޔަބޭފުޅުންގެ ދިރިއުޅުމުގެ ފެންވަރު ރަނގަޅުކުރާ ދެފުށް ފެންނަ ހިންގުމެއް.,އަޅުގަނޑުމެންނަށް ބޭނުންވަނީ ޕާޓީއަކަށް ނޫން ރައްޔިތުންނަށް މަސައްކަތް ކުރާ މޭޔަރެއް. ދުވަހުން ދުވަހުގެ ޚިދުމަތްތަކަށް ސަމާލުކަން: ތޮއްޖެހުން ހައްލުކުރުން، ކުނީގެ މައްސަލަ، ޢާންމު ރައްކާތެރިކަން، އަދި ތިޔަބޭފުޅުންގެ ދިރިއުޅުމުގެ ފެންވަރު ރަނގަޅުކުރާ ދެފުށް ފެންނަ ހިންގުމެއް.
cta_volunteer,Volunteer with us!,އަޅުގަނޑުމެންނާ އެކު ވޮލަންޓިއަރ ކުރޭ!,އަޅުގަނޑުމެންނާ އެކު ވޮލަންޓިއަރ ކުރޭ!
cta_manifesto,Read the plan,ޕްލޭން ކިޔާ,ޕްލޭން ކިޔާ
cta_get_involved,Get involved,ބައިވެރިވޭ,ބައިވެރިވޭ
contact_campaign_email,Campaign email,ކެމްޕޭން އީމެއިލް,ކެމްޕޭން އީމެއިލް
contact_whatsapp,WhatsApp,ވަޓްސްއެޕް,ވަޓްސްއެޕް
contact_viber,Twitter,ޓްވިޓަރ,ޓްވިޓަރ
contact_instagram,Instagram,އިންސްޓަގްރާމް,އިންސްޓަގްރާމް
photo_label,Landing photo,ލޭންޑިން ފޮޓޯ,ލޭންޑިން ފޮޓޯ
photo_upload,Upload,އަޕްލޯޑް,އަޕްލޯޑް
photo_clear,Clear,ފޮހެލާ,ފޮހެލާ
social_proof_volunteers,50 volunteers have joined so far,މިހާތަނަށް 50 ވޮލަންޓިއަރުން ގުޅިއްޖެ,މިހާތަނަށް 50 ވޮލަންޓިއަރުން ގުޅިއްޖެ
social_proof_quote,"""We listen before we act. Power belongs to people, not parties.""",އަޅުގަނޑުމެން ޢަމަލު ކުރުމުގެ ކުރިން އަޑުއަހަން. ބާރު އޮންނަނީ ރައްޔިތުންގެ، ޕާޓީތަކުގެ ނޫން.,އަޅުގަނޑުމެން ފުރަތަމަ އަޑުއަހާނީ، ދެން ޢަމަލު ކުރާނީ. ބާރު އޮންނަންވާނީ ރައްޔިތުންގެ އަތުގައި، ޕާޓީތަކުގެ އަތުގައެއް ނޫން.
video_title,Watch: Why Hingaa Male?,ބަލާ: ކީއްވެ ހިނގާ މާލެ؟,ބަލާ: ކީއްވެ ހިނގާ މާލެ؟
video_placeholder,"<iframe width=""560"" height=""315"" src=""https://www.youtube.com/embed/gn4S7lQ111M?si=O1rK5lb90KUMl3Lp"" title=""YouTube video player"" frameborder=""0"" allow=""accelerometer; autoplay; clipboard-write; encrypted-media; gyroscope; picture-in-picture; web-share"" referrerpolicy=""strict-origin-when-cross-origin"" allowfullscreen></iframe>","<iframe width=""560"" height=""315"" src=""https://www.youtube.com/embed/gn4S7lQ111M?si=O1rK5lb90KUMl3Lp"" title=""YouTube video player"" frameborder=""0"" allow=""accelerometer; autoplay; clipboard-write; encrypted-media; gyroscope; picture-in-picture; web-share"" referrerpolicy=""strict-origin-when-cross-origin"" allowfullscreen></iframe>","<iframe width=""560"" height=""315"" src=""https://www.youtube.com/embed/gn4S7lQ111M?si=O1rK5lb90KUMl3Lp"" title=""YouTube video player"" frameborder=""0"" allow=""accelerometer; autoplay; clipboard-write; encrypted-media; gyroscope; picture-in-picture; web-share"" referrerpolicy=""strict-origin-when-cross-origin"" allowfullscreen></iframe>"
pledges_title,Pledges,ވައުދުތައް,ވައުދުތައް
pledges_intro,"Every promise comes from the people, data-drive from our collective struggle. Here are crucial commitments we will find solutions for, together.",ކޮންމެ ވައުދެއް އަންނަނީ ރައްޔިތުންގެ ފަރާތުން، އެކުގައި ކުރި މަސައްކަތުގެ ޑޭޓާ އިން. މިއީ އެކުގައި ޙައްލު ހޯދާނެ މުހިންމު ވައުދުތައް.,ކޮންމެ ވައުދެއް އުފެދެނީ ރައްޔިތުންގެ ތެރެއިން، އެންމެން އެކުގައި ތަޙައްމަލް ކުރާ ކަންކަމުގެ ޑޭޓާގެ މައްޗަށް. މިއީ އެކުގައި ޙައްލު ހޯދާނެ ނުހަނު މުހިންމު ވައުދުތައް.
pledges_pdf,Want the full plan as a PDF?,މުޅި ޕްލޭން PDF ގެ ގޮތުގައި ބޭނުންތޯ؟,މުޅި ޕްލޭން PDF ގެ ގޮތުގައި ބޭނުންތޯ؟
pledges_add_download,Add download link,ޑައުންލޯޑް ލިންކް އެޅުއްވާ,ޑައުންލޯޑް ލިންކް އެޅުއްވާ
issues_title,Issues,މައްސަލަތައް,މައްސަލަތައް
issues_intro,"Six challenges facing Malé Area — with data, context, and our plan for each.",މާލެ ސަރަޙައްދަށް ކުރިމަތިވެފައިވާ ހަ ގޮންޖެހުން — ޑޭޓާ، ހާލަތު، އަދި ކޮންމެ ކަމަކަށް އަޅުގަނޑުމެންގެ ޕްލޭން.,މާލެ ސަރަޙައްދަށް ކުރިމަތިވެފައިވާ ހަ ގޮންޖެހުން — ޑޭޓާ، ހާލަތު، އަދި ކޮންމެ ކަމަކަށް އަޅުގަނޑުމެންގެ ޕްލޭން.
manifesto_title,The Living manifesto,ދިރޭ މެނިފެސްޓޯ,ދިރިހުރި މެނިފެސްޓޯ
manifesto_intro,"This is a working document: updated in public as we listen, measure results, and adjust accordingly",މިއީ ބަދަލުވެ ކުރިއެރޭ ލިޔުމެއް: ޢާންމުކޮށް އަޕްޑޭޓް ކުރެވެނީ އަޑުއަހާ، ނަތީޖާ މިންކޮށް، ބަދަލު ގެންނަމުން.,މިއީ ބަދަލުވަމުންދާ ލިޔުމެއް: ރައްޔިތުންގެ އަޑުއެހުމަށް ފަހު ނަތީޖާ މިންކޮށް، އެއާ އެއްގޮތަށް ޢާންމުކޮށް އަޕްޑޭޓް ކުރެވެމުންދާ.
manifesto_p1,"<span class=""font-medium text-[color:var(--ink)]"">How we'll govern:</span> Radically transparent - publish plans & budgets openly, track progress in real time. The council operates on a fraction of the budget required; we will make every laari count","<span class=""font-medium text-[color:var(--ink)]"">ހިންގާނެ ގޮތް:</span> ފުރިހަމައަށް ދެފުށް ފެންނަ ގޮތަށް - ޕްލޭންތަކާއި ބަޖެޓް ހާމަކޮށް ޝާއިޢުކުރުން، ކުރިއެރުން ވަގުތުން ވަގުތަށް ބެލުން. ކައުންސިލް ހިންގަނީ ބޭނުންވާ ބަޖެޓުގެ ކުޑަ މިންވަރެއް ލިބޭ ގޮތަށް؛ ކޮންމެ ލާރިއެއް ހިސާބު ކުރާނަން.","<span class=""font-medium text-[color:var(--ink)]"">ހިންގާނެ ގޮތް:</span> އެއްވެސް ކަމެއް ފޮރުވުމެއް ނެތި — ޕްލޭންތަކާއި ބަޖެޓް ޢާންމުކޮށް ޝާއިޢުކޮށް، ކުރިއެރުން ވަގުތުން ޓްރެކް ކުރެވޭ. ކައުންސިލަށް ލިބެނީ ބޭނުންވާ ބަޖެޓުގެ ކުޑަ މިންވަރެއް؛ ކޮންމެ ލާރިއެއް ވެސް ބޭކާރު ނުކޮށް ހޭދަކުރާނީ."
manifesto_p2,"<span class=""font-medium text-[color:var(--ink)]"">How you'll participate:</span> Regular and open-door neighborhood consultations that empower data-driven policies, a reachable council to ensure this, and clear-cut mechanisms for public issue tracking and appraisal of councillors.","<span class=""font-medium text-[color:var(--ink)]"">ތިޔަބޭފުޅުން ބައިވެރިވާނެ ގޮތް:</span> ޑޭޓާ އިން ބާރުލިބޭ ސިޔާސަތުތައް ހެދުމަށް ގަވާއިދުން ހުޅުވާލެވިފައިވާ އަވަށު މަޝްވަރާތައް، ފޯރާ ކައުންސިލެއް، އަދި ޢާންމު މައްސަލަ ޓްރެކް ކުރުމާއި ކައުންސިލަރުން ޒިންމާދާރު ކުރުވުމުގެ ސާފު އުސޫލުތައް.","<span class=""font-medium text-[color:var(--ink)]"">ތިޔަބޭފުޅުން ބައިވެރިވާނެ ގޮތް:</span> ގަވާއިދުން ހުޅުވާލެވިފައިވާ އަވަށު މަޝްވަރާތައް ބާއްވާ ޑޭޓާގެ މައްޗަށް ބިނާވެފައިވާ ސިޔާސަތުތައް ބައްޓަންކުރުން، ފޯރާ ފަށުގައި ހުންނަ ކައުންސިލެއް، އަދި ޢާންމު މައްސަލަ ޓްރެކް ކުރެވި ކައުންސިލަރުން ޖަވާބުދާރީ ކުރުވޭ ސާފު އުސޫލުތައް."
manifesto_p3,"<span class=""font-medium text-[color:var(--ink)]"">How we'll be judged:</span> clear targets for cleanliness, safety, response times, and affordability — serving 41% of the nation's population on this 2 km² island.","<span class=""font-medium text-[color:var(--ink)]"">ހިސާބު ބެލޭނެ ގޮތް:</span> ސާފުތާހިރުކަމާއި، ރައްކާތެރިކަމާއި، ޖަވާބުދެވޭ ވަގުތާއި، ދެމެހެއްޓެނިވި ޚަރަދާ ބެހޭ ސާފު ޓާގެޓްތައް — މި 2 km² ރަށުގައި ގައުމުގެ 41% އާބާދީއަށް ޚިދުމަތް ކުރުން.","<span class=""font-medium text-[color:var(--ink)]"">ވަޒަންކުރެވޭނެ ގޮތް:</span> ސާފުތާހިރުކަމާއި، ރައްކާތެރިކަމާއި، ޖަވާބުދެވޭ ވަގުތާއި، އަތްފޯރާ ފަށުގެ ދިރިއުޅުމާ ބެހޭ ސާފު ޓާގެޓްތައް — މި 2 km² ރަށުގައި ގައުމުގެ 41% އާބާދީއަށް ޚިދުމަތް ކުރަމުން."
manifesto_cta_pledges,See pledges,ވައުދުތައް ބަލާ,ވައުދުތައް ބަލާ
manifesto_cta_involved,Get involved,ބައިވެރިވޭ,ބައިވެރިވޭ
version_title,Version,ވާޝަން,ވާޝަން
version_value,v1.0 — February 2026,v1.0 — ފެބްރުއަރީ 2026,v1.0 — ފެބްރުއަރީ 2026
addendum_title,Addendum PDF,އެޑެންޑަމް PDF,އެޑެންޑަމް PDF
addendum_desc,Add a PDF addendum. Saved locally in your browser.,PDF އެޑެންޑަމެއް އެޅުއްވާ. ތިޔަ ބްރައުޒަރުގައި ލޯކަލީ ސޭވް ކުރެވޭނެ.,PDF އެޑެންޑަމެއް އެޅުއްވާ. ތިޔަ ބްރައުޒަރުގައި ލޯކަލީ ސޭވް ކުރެވޭނެ.
addendum_view,View / download addendum,އެޑެންޑަމް ބަލާ / ޑައުންލޯޑް,އެޑެންޑަމް ބަލާ / ޑައުންލޯޑް
addendum_upload,Upload PDF,PDF އަޕްލޯޑް,PDF އަޕްލޯޑް
addendum_clear,Clear,ފޮހެލާ,ފޮހެލާ
version_tip,"<span class=""font-medium"">Tip:</span> Add a PDF download link and a changelog.","<span class=""font-medium"">ޓިޕް:</span> PDF ޑައުންލޯޑް ލިންކެއް އަދި ޗޭންޖްލޮގެއް އެޅުއްވާ.","<span class=""font-medium"">ޓިޕް:</span> PDF ޑައުންލޯޑް ލިންކެއް އަދި ޗޭންޖްލޮގެއް އެޅުއްވާ."
about_title,Who am I?,އަހަންނަކީ ކާކު؟,އަހަންނަކީ ކާކު؟
about_who_heading,Who I am,އަހަންނަކީ ކާކުކަން,އަހަންނަކީ ކާކުކަން
about_who,"A resident of Malé who spent over a decade organizing grassroots civil society across governance, civil rights and conservation. I have seen firsthand how services fail the people who depend on them the most. ",މާލޭގައި ދިރިއުޅޭ، ހިންގުމާއި މަދަނީ ޙައްޤުތަކާއި ތިމާވެށި ހިމާޔަތް ކުރުމުގެ ދާއިރާގައި ދިހަ އަހަރަށް ވުރެ ގިނަ ދުވަހު ރައްޔިތުންގެ ޖަމިއްޔާތައް ހިންގުމުގައި ޙަރަކާތްތެރިވީ މީހެއް. ޚިދުމަތްތައް އެންމެ ބޭނުންވާ ރައްޔިތުންނަށް ފެއިލްވާ ގޮތް އަމިއްލަ ލޮލުން ދެކުނިން.,މާލޭގައި ދިރިއުޅޭ، ރައްޔިތުންގެ ފެންވަރުގައި ހިންގުމާއި މަދަނީ ޙައްޤުތަކާއި ތިމާވެށި ރައްކާތެރިކުރުމުގެ ދާއިރާގައި ދިހަ އަހަރަށް ވުރެ ގިނަ ދުވަހު މަދަނީ ޖަމިއްޔާތައް ރާވައި ހިންގި މީހެއް. ޚިދުމަތްތައް އެންމެ ބޮޑަށް ބޭނުންވާ ރައްޔިތުންނާ ހަމައަށް ނުފޯރާކަން އަމިއްލަ ލޮލުން ދުށީމެވެ.
about_why_heading,Why independent,ކީއްވެ އިންޑިޕެންޑެންޓް,ކީއްވެ އިންޑިޕެންޑެންޓް
about_why,"My intention is not to divide the vote, or cause chaos, but rather to unite the city, its communities, and usher in a new form of (non-partisan) politics that prioritises accountability, transparency and representation of the people (stakeholders) at every level of decision-making.",އަޅުގަނޑުގެ މަޤްޞަދަކީ ވޯޓު ބައިބައިކުރުން ނުވަތަ ހަލަބޮލިކަން އުފެއްދުން ނޫން، އެކަމަކު ސިޓީ އެއްކޮށް، ޖަމާޢަތްތައް ގުޅުވާ، ނިންމުންތައް ނިންމާ ކޮންމެ ފެންވަރެއްގައި ޒިންމާދާރުކަމާއި ދެފުށް ފެނުމާއި ރައްޔިތުންގެ ތަމްސީލު އިސްކުރާ (ޕާޓީ ނޫން) އައު ސިޔާސީ ވައްޓަފާޅިއެއް ގެނައުން.,އަޅުގަނޑުގެ ނިޔަތަކީ ވޯޓު ބައިބައިކުރުމެއް ނޫން، ހަމަނުޖެހުން އުފެއްދުމެއް ވެސް ނޫން — ބޭނުމަކީ ސިޓީ އެއްބައިވަންތަކޮށް، ޖަމާޢަތްތައް ގުޅުވައި، ނިންމުން ނިންމާ ކޮންމެ ފެންވަރެއްގައި ޖަވާބުދާރީވެވޭ، ދެފުށް ފެންނަ، ރައްޔިތުން ތަމްސީލުކުރެވޭ (ޕާޓީއެއްގެ ފަހަތުގައި ނޫން) އައު ސިޔާސީ ސަގާފަތެއް ގެނައުން.
about_100days_heading,First 100 days,ފުރަތަމަ 100 ދުވަސް,ފުރަތަމަ 100 ދުވަސް
about_100days_1,"Publish the full city budget, and state of audit report in plain language online",ސިޓީ ބަޖެޓް ފުރިހަމައަށް އަދި އޮޑިޓް ރިޕޯޓް ސާދާ ބަހުން އޮންލައިންކޮށް ޝާއިޢުކުރުން,ސިޓީ ބަޖެޓް ފުރިހަމައަށް އަދި އޮޑިޓް ރިޕޯޓް ސާދާ ދިވެހި ބަހުން އޮންލައިންކޮށް ޢާންމުކުރުން
about_100days_2,Launch a public service request tracker with response-time targets,ޖަވާބު ދޭނެ ވަގުތުގެ ޓާގެޓާ އެކު ޢާންމު ޚިދުމަތް ރިކުއެސްޓް ޓްރެކަރ ފެށުން,ޖަވާބު ދޭނެ ވަގުތުގެ ޓާގެޓާ އެކު ޢާންމު ޚިދުމަތް ރިކުއެސްޓް ޓްރެކަރ ފެށުން
about_100days_3,"Host physical townhalls every month, with 'Dhaairaa' councillors hosting weekly neighboorhood listening sessions.",ކޮންމެ މަހަކު ޓައުންހޯލް ބޭއްވުން، 'ދާއިރާ' ކައުންސިލަރުން ކޮންމެ ހަފްތާއަކު އަވަށު އަޑުއެހުންތައް ބޭއްވުން.,ކޮންމެ މަހަކު ހާޒިރީ ޓައުންހޯލް ބާއްވައި، 'ދާއިރާ' ކައުންސިލަރުން ކޮންމެ ހަފްތާއަކު އަވަށު އަޑުއެހުމުގެ ސެޝަންތައް ހިންގުން.
about_100days_4,Open our digital townhall as an internet public relay chat.,ޑިޖިޓަލް ޓައުންހޯލް އިންޓަނެޓް ޕަބްލިކް ރިލޭ ޗެޓެއް ގޮތަށް ހުޅުވާލުން.,ޑިޖިޓަލް ޓައުންހޯލް އިންޓަނެޓް މެދުވެރިކޮށް ޢާންމު ޗެޓެއް ގޮތުގައި ހުޅުވާލުން.
about_accountable_heading,How to hold me accountable,އަޅުގަނޑު ޒިންމާދާރު ކުރުވާނެ ގޮތް,އަޅުގަނޑު ޖަވާބުދާރީ ކުރުވާނެ ގޮތް
about_accountable,"My town hall will be an open platform to get invovled, add to and criticize our every move. As an elected public servant, I am beholden to my residents. If I am failing, every citizen has a right to call for a motion of no-confidence against me, and demand better. I will never shy away from your concerns.",އަޅުގަނޑުގެ ޓައުންހޯލް ވާނީ ބައިވެރިވެ، ޚިޔާލު ފާޅުކޮށް، ކޮންމެ ފިޔަވަޅެއް ފާޑުކިޔޭ ހުޅުވާލެވިފައިވާ ޕްލެޓްފޯމެއް. ރައްޔިތުން ހޮވާފައިވާ ޚާދިމެއްގެ ގޮތުން، އަޅުގަނޑު ޖަވާބުދާރީވާނީ ރައްޔިތުންނަށް. ފެއިލްވެއްޖެނަމަ، ކޮންމެ ރައްޔިތަކަށް ވެސް އިތުބާރު ނެތް ކަމުގެ ވޯޓެއް ނެގުމުގެ ޙައްޤު އޮންނާނެ. ތިޔަބޭފުޅުންގެ ކަންބޮޑުވުންތަކުން ދުވަހަކު ވެސް ފަހަތަށް ނުޖެހޭނަން.,އަޅުގަނޑުގެ ޓައުންހޯލް ވާނީ ބައިވެރިވެ، ޚިޔާލު ހުށައެޅި، ކޮންމެ ފިޔަވަޅެއް ފާޑުކިޔޭ ހުޅުވާލެވިފައިވާ ޕްލެޓްފޯމަކަށް. ރައްޔިތުން ހޮވި ޚާދިމެއްގެ ގޮތުން، އަޅުގަނޑު ޖަވާބުދާރީވާނީ ތިޔަ ރައްޔިތުންނަށެވެ. ފެއިލްވެއްޖެނަމަ، ކޮންމެ ރައްޔިތަކަށް ވެސް އިތުބާރު ނެތް ކަމުގެ މޯޝަނެއް ހުށައެޅުމުގެ ޙައްޤު އޮންނާނެ، އަދި އެއަށް ވުރެ ރަނގަޅު ގޮތެއް ޑިމާންޑް ކުރެވޭނެ. ތިޔަބޭފުޅުންގެ ކަންބޮޑުވުންތަކުން ދުވަހަކު ވެސް ފިލައި ނުދާނަން.
about_cta_contact,Contact the campaign,ކެމްޕޭނާ ގުޅޭ,ކެމްޕޭނާ ގުޅޭ
about_cta_join,Join the team,ޓީމާ ގުޅޭ,ޓީމާ ގުޅޭ
quickfacts_title,Quick facts,އަވަސް މައުލޫމާތު,އަވަސް މައުލޫމާތު
qf_focus,Focus,މައިގަނޑު އަމާޒު,މައިގަނޑު އަމާޒު
qf_focus_value,"Services, transparency, accessibility",ޚިދުމަތް، ދެފުށް ފެނުން، ފޯރާކަން,ޚިދުމަތް، ދެފުށް ފެނުން، ވާސިލުވެވުން
qf_city,Male' City,މާލެ ސިޓީ,މާލެ ސިޓީ
qf_city_value,"Villingili, Hulhumale', Male'",ވިލިމާލެ، ހުޅުމާލެ، މާލެ,ވިލިމާލެ، ހުޅުމާލެ، މާލެ
qf_campaign,Campaign,ކެމްޕޭން,ކެމްޕޭން
qf_campaign_value,Independent,އިންޑިޕެންޑެންޓް,އިންޑިޕެންޑެންޓް
involved_title,Get involved,ބައިވެރިވޭ,ބައިވެރިވޭ
involved_intro,"This campaign is built from the ground up, powered by the people, for the people. Choose one way to help this week.",މި ކެމްޕޭން ބިނާކުރެވެނީ ބިމުން ފެށިގެން، ރައްޔިތުންގެ ބާރުން، ރައްޔިތުންނަށް. މި ހަފްތާގައި އެއް ގޮތަކަށް އެހީވޭ.,މި ކެމްޕޭން ބިނާވަނީ ރައްޔިތުންގެ ތެރެއިން، ރައްޔިތުންގެ ބާރުން، ރައްޔިތުންނަށްޓަކައި. މި ހަފްތާގައި އެއް ގޮތަކަށް އެހީތެރިވޭ.
card_volunteer_title,Volunteer shift,ވޮލަންޓިއަރ ޝިފްޓް,ވޮލަންޓިއަރ ޝިފްޓް
card_volunteer_body,"Door-to-door, outreach, logistics, and community events.",ގެއިން ގެއަށް، އައުޓްރީޗް، ލޮޖިސްޓިކްސް، އަދި މުޖުތަމައު އިވެންޓްތައް.,ގެއިން ގެއަށް، އައުޓްރީޗް، ލޮޖިސްޓިކްސް، އަދި މުޖުތަމައު އިވެންޓްތައް.
card_volunteer_link,Sign up,ސައިން އަޕް,ސައިން އަޕް
card_host_title,Host a small meeting,ކުޑަ ބައްދަލުވުމެއް ބާއްވާ,ކުޑަ ބައްދަލުވުމެއް ބާއްވާ
card_host_body,Bring your neighbors together and we will show up to listen.,ތިޔަ އަވައްޓެރިން އެއްކޮށްލައްވާ، އަޅުގަނޑުމެން އަންނާނީ އަޑުއަހަން.,ތިޔަ އަވައްޓެރިން އެއްކޮށްލައްވާ، އަޅުގަނޑުމެން އަންނާނީ އަޑުއަހަން.
card_host_link,Request a visit,ޒިޔާރަތެއް އެދޭ,ޒިޔާރަތެއް އެދޭ
card_issue_title,Share an issue,މައްސަލައެއް ހިއްސާ ކުރޭ,މައްސަލައެއް ހިއްސާ ކުރޭ
card_issue_body,"Lodge your concerns directly: waste, public safety, access etc",ތިޔަ ކަންބޮޑުވުންތައް ސީދާ ހުށައަޅާ: ކުނި، ޢާންމު ރައްކާތެރިކަން، ފޯރާކަން ފަދަ ކަންކަން.,ތިޔަ ކަންބޮޑުވުންތައް ސީދާ ހުށައަޅާ: ކުނި، ޢާންމު ރައްކާތެރިކަން، ފޯރާކަން ފަދަ ކަންކަން.
card_issue_link,Contact,ގުޅޭ,ގުޅޭ
card_survey_title,Take the Perception Survey,ޕާސެޕްޝަން ސާރވޭ ފުރާ,ޕާސެޕްޝަން ސާރވޭ ފުރާ
card_survey_body,Tell us what matters most to you. 5-minute anonymous survey.,ތިޔަބޭފުޅުންނަށް އެންމެ މުހިންމީ ކޮން ކަމެއްތޯ ބުނެލައްވާ. 5 މިނެޓުގެ ސިއްރު ސާރވޭ.,ތިޔަބޭފުޅުންނަށް އެންމެ މުހިންމީ ކޮން ކަމެއްތޯ ބުނެލައްވާ. 5 މިނެޓުގެ ސިއްރު ސާރވޭ.
card_survey_link,Start survey,ސާރވޭ ފަށާ,ސާރވޭ ފަށާ
visit_form_title,Request a neighborhood visit,އަވަށު ޒިޔާރަތެއް އެދޭ,އަވަށު ޒިޔާރަތެއް އެދޭ
visit_form_name,Your name,ތިޔަ ނަން,ތިޔަ ނަން
visit_form_ward,Ward,ވޯޑް,ވޯޑް
visit_form_date,Preferred date,ބޭނުންވާ ތާރީޚް,ބޭނުންވާ ތާރީޚް
visit_form_attendees,Expected attendees,ބައިވެރިވާނެ ކަމަށް ލަފާކުރެވޭ ޢަދަދު,ބައިވެރިވާނެ ކަމަށް ލަފާކުރެވޭ ޢަދަދު
visit_form_topics,Topics to discuss,މަޝްވަރާ ކުރާނެ މައުޟޫޢު,މަޝްވަރާ ކުރާނެ މައުޟޫޢު
visit_form_submit,Submit request,ރިކުއެސްޓް ހުށައެޅުއްވާ,ރިކުއެސްޓް ހުށައެޅުއްވާ
visit_form_saved,Visit request saved!,ޒިޔާރަތު ރިކުއެސްޓް ސޭވް ވެއްޖެ!,ޒިޔާރަތު ރިކުއެސްޓް ސޭވް ވެއްޖެ!
brief_title,Want a simple one-page brief?,ސާދާ އެއް ޞަފުޙާ ބްރީފެއް ބޭނުންތޯ؟,ސާދާ އެއް ޞަފުޙާ ބްރީފެއް ބޭނުންތޯ؟
brief_body,"Add a link here to your manifesto PDF, a linktree, or a donation/volunteer platform.",ތިޔަ މެނިފެސްޓޯ PDF، ލިންކްޓްރީ، ނުވަތަ ޑޮނޭޝަން/ވޮލަންޓިއަރ ޕްލެޓްފޯމެއް ލިންކް ކޮށްލައްވާ.,ތިޔަ މެނިފެސްޓޯ PDF، ލިންކްޓްރީ، ނުވަތަ ޑޮނޭޝަން/ވޮލަންޓިއަރ ޕްލެޓްފޯމެއް ލިންކް ކޮށްލައްވާ.
events_title,Campaign updates,ކެމްޕޭން އަޕްޑޭޓްތައް,ކެމްޕޭން އަޕްޑޭޓްތައް
events_intro,Upcoming events and recent milestones.,ކުރިއަށް ހުރި އިވެންޓްތައް އަދި ފާހަގަކުރެވޭ ކަންކަން.,ކުރިއަށް ހުރި އިވެންޓްތައް އަދި ފާހަގަކުރެވޭ ކަންކަން.
event_1_date,FEBRUARY 27 / SATURDAY,ފެބްރުއަރީ 27 / ހޮނިހިރު,ފެބްރުއަރީ 27 / ހޮނިހިރު
event_1_title,BBQ & Potluck Tharaavees,ބީބީކިއު އަދި ޕޮޓްލަކް ތަރާވީސް,ބީބީކިއު އަދި ޕޮޓްލަކް ތަރާވީސް
event_1_desc,"We invited residents to join our first official campaign gathering. Simple living by the beach, with youth bring your concerns to the table, and some food to share around.",ކެމްޕޭންގެ ފުރަތަމަ ރަސްމީ ޖަމާވުމުގައި ބައިވެރިވުމަށް ރައްޔިތުންނަށް ދައުވަތު ދިނީ. ގޮނޑުދޮށުގައި ސާދާ ވަގުތެއް، ޒުވާނުން ކަންބޮޑުވުންތައް ހިއްސާކޮށް، ކެއުން ބެހުން.,ކެމްޕޭންގެ ފުރަތަމަ ރަސްމީ ޖަމާވުމުގައި ބައިވެރިވުމަށް ރައްޔިތުންނަށް ދައުވަތު ދިނީމެވެ. ގޮނޑުދޮށުގައި ސާދާ ވަގުތެއް ހޭދަކޮށް، ޒުވާނުން ކަންބޮޑުވުންތައް މޭޒުމައްޗަށް ގެނެސް، ކެއުމެއް ބެހީމެވެ.
event_2_date,JANUARY 15 / THURSDAY,ޖެނުއަރީ 15 / ބުރާސްފަތި,ޖެނުއަރީ 15 / ބުރާސްފަތި
event_2_title,Hingaa Male' Hingaalun,ހިނގާ މާލެ ހިނގާލުން,ހިނގާ މާލެ ހިނގާލުން
event_2_desc,"A walk held to announce the launch of the Hingaa Male' campaign. Over 20 core supporters joined the walk, marching from Social Centre till Artificial Beach in mainland Male' City.",ހިނގާ މާލެ ކެމްޕޭން ފެށުން އިޢުލާންކުރުމަށް ބޭއްވި ހިނގާލުމެއް. 20 އަށް ވުރެ ގިނަ މައިގަނޑު ސަޕޯޓަރުން ގުޅި، ސޯޝަލް ސެންޓަރުން ފެށިގެން މާލޭ އާޓިފިޝަލް ބީޗާ ހަމައަށް ހިނގީ.,ހިނގާ މާލެ ކެމްޕޭން ފެށުން އިޢުލާންކުރުމަށް ބޭއްވި ހިނގާލުމެކެވެ. 20 އަށް ވުރެ ގިނަ މައިގަނޑު ސަޕޯޓަރުން ބައިވެރިވެ، ސޯޝަލް ސެންޓަރުން ފެށިގެން މާލޭ އާޓިފިޝަލް ބީޗާ ހަމައަށް ހިނގީމެވެ.
event_3_date,[FILL IN],[FILL IN],[FILL IN]
event_3_title,[FILL IN - Event title],[FILL IN],[FILL IN]
event_3_desc,[FILL IN - Event description],[FILL IN],[FILL IN]
contact_title,Contact,ގުޅޭ,ގުޅޭ
contact_intro,"For volunteering, endorsements, media inquiries, or simply to present your community issues.",ވޮލަންޓިއަރ ކުރުމަށް، ތާއީދު ދެއްވުމަށް، މީޑިއާ ސުވާލުތަކަށް، ނުވަތަ މުޖުތަމައު މައްސަލަތައް ހުށައެޅުއްވުމަށް.,ވޮލަންޓިއަރ ކުރުމަށް، ތާއީދު ދެއްވުމަށް، މީޑިއާ ސުވާލުތަކަށް، ނުވަތަ މުޖުތަމައު މައްސަލަތައް ހުށައެޅުއްވުމަށް.
contact_email_label,Email: hingaamale@gmail.com,އީމެއިލް: hingaamale@gmail.com,އީމެއިލް: hingaamale@gmail.com
contact_phone_label,Phone/WhatsApp: 9953458,ފޯން/ވަޓްސްއެޕް: 9953458,ފޯން/ވަޓްސްއެޕް: 9953458
contact_viber_label,Twitter: @hingaamale / @anehkenaa /,ޓްވިޓަރ: @hingaamale / @anehkenaa /,ޓްވިޓަރ: @hingaamale / @anehkenaa /
contact_ig_label,Instagram: @hingaamale / @a.nekkena,އިންސްޓަގްރާމް: @hingaamale / @a.nekkena,އިންސްޓަގްރާމް: @hingaamale / @a.nekkena
compliance_note,"[FILL IN] Campaign compliance text (""Paid for by…"") as required by law.",[FILL IN],[FILL IN]
signup_title,Join the campaign,ކެމްޕޭނާ ގުޅޭ,ކެމްޕޭނާ ގުޅޭ
signup_intro,"Be part of the founding team. We listen before we act, help us hear you out.",ފައުންޑިން ޓީމުގެ ބައެއް ކަމުގައި ވޭ. ޢަމަލު ކުރުމުގެ ކުރިން އަޅުގަނޑުމެން އަޑުއަހަން — ތިޔަ އަޑު އިއްވާ.,ފައުންޑިން ޓީމުގެ ބައެއްކަމުގައި ވޭ. ޢަމަލު ކުރުމުގެ ކުރިން އަޅުގަނޑުމެން އަޑުއަހަން — ތިޔަ ބޭފުޅާގެ އަޑު އިއްވައިދީ.
form_name,Name,ނަން,ނަން
form_email,Email,އީމެއިލް,އީމެއިލް
form_phone,Phone / WhatsApp,ފޯން / ވަޓްސްއެޕް,ފޯން / ވަޓްސްއެޕް
form_ward,Ward,ވޯޑް,ވޯޑް
form_ward_henveiru,Henveiru,ހެންވޭރު,ހެންވޭރު
form_ward_galolhu,Galolhu,ގަލޮޅު,ގަލޮޅު
form_ward_machchangolhi,Machchangolhi,މައްޗަންގޮޅި,މައްޗަންގޮޅި
form_ward_maafannu,Maafannu,މާފަންނު,މާފަންނު
form_ward_hulhumale,Hulhumalé Phase 1,ހުޅުމާލެ ފޭސް 1,ހުޅުމާލެ ފޭސް 1
form_ward_vilimale,Villingili,ވިލިމާލެ,ވިލިމާލެ
form_ward_select,Select your ward,ތިޔަ ވޯޑް އިޚްތިޔާރު ކުރައްވާ,ތިޔަ ވޯޑް އިޚްތިޔާރު ކުރައްވާ
form_concern,What concerns you most?,އެންމެ ބޮޑު ކަންބޮޑުވުމަކީ ކޮބާ؟,އެންމެ ބޮޑު ކަންބޮޑުވުމަކީ ކޮބާ؟
form_concern_flooding,Flooding,ފެންބޮޑުވުން,ފެންބޮޑުވުން
form_concern_waste,Waste management,ކުނި މެނޭޖްމެންޓް,ކުނި މެނޭޖްމެންޓް
form_concern_housing,Housing,ބޯހިޔާވެހިކަން,ބޯހިޔާވެހިކަން
form_concern_traffic,Traffic congestion,ޓްރެފިކް ތޮއްޖެހުން,ޓްރެފިކް ތޮއްޖެހުން
form_concern_green,Green space,ފެހި ޖާގަ,ފެހި ޖާގަ
form_concern_governance,Governance,ހިންގުން,ހިންގުން
form_concern_select,Select a concern,ކަންބޮޑުވުމެއް އިޚްތިޔާރު ކުރައްވާ,ކަންބޮޑުވުމެއް އިޚްތިޔާރު ކުރައްވާ
form_interest,How would you like to help?,ކޮން ގޮތަކަށް އެހީވާން ބޭނުންތޯ؟,ކޮން ގޮތަކަށް އެހީވާން ބޭނުންތޯ؟
opt_volunteer,Volunteer,ވޮލަންޓިއަރ,ވޮލަންޓިއަރ
opt_host,Host a meeting,ބައްދަލުވުމެއް ބާއްވާ,ބައްދަލުވުމެއް ބާއްވާ
opt_issue,Community issue,މުޖުތަމައު މައްސަލަ,މުޖުތަމައު މައްސަލަ
opt_media,Media / press,މީޑިއާ / ނޫސްވެރިކަން,މީޑިއާ / ނޫސްވެރިކަން
form_submit,Submit,ހުށައެޅުއްވާ,ހުށައެޅުއްވާ
privacy_note,"By submitting, you agree to receive campaign updates. Your information is kept confidential and used only for campaign communications.",ހުށައެޅުއްވުމުން ކެމްޕޭން އަޕްޑޭޓްތައް ލިބޭނެ ކަމަށް އެއްބަސްވެއެވެ. ތިޔަ މައުލޫމާތު ސިއްރުކޮށް ބެލެހެއްޓޭނެ، ބޭނުންކުރާނީ ހަމައެކަނި ކެމްޕޭން މުވާސަލާތަށް.,ހުށައެޅުއްވުމުން ކެމްޕޭން އަޕްޑޭޓްތައް ލިބޭނެ ކަމަށް އެއްބަސްވެއެވެ. ތިޔަ މައުލޫމާތު ސިއްރުކޮށް ބެލެހެއްޓޭނެ، ބޭނުންކުރާނީ ހަމައެކަނި ކެމްޕޭން މުވާސަލާތަށް.
ph_name,Ahmed Aiham,އަޙްމަދު އައިހަމް,އަޙްމަދު އައިހަމް
ph_email,hingaamale@gmail.com,hingaamale@gmail.com,hingaamale@gmail.com
ph_phone,9953458,9953458,9953458
footer_brand,Hingaa Male',ހިނގާ މާލެ,ހިނގާ މާލެ
footer_paid,Paid for by the people.,ރައްޔިތުންގެ ޚަރަދުގައި.,ރައްޔިތުންގެ ޚަރަދުގައި.
toast_pdf_tip,Upload your PDF and link it here.,ތިޔަ PDF އަޕްލޯޑްކޮށް މިތަނުގައި ލިންކް ކޮށްލައްވާ.,ތިޔަ PDF އަޕްލޯޑްކޮށް މިތަނުގައި ލިންކް ކޮށްލައްވާ.
toast_pdf_only,Please upload a PDF file.,PDF ފައިލެއް އަޕްލޯޑް ކޮށްލައްވާ.,PDF ފައިލެއް އަޕްލޯޑް ކޮށްލައްވާ.
toast_pdf_read_fail,Could not read PDF.,PDF ކިޔޭ ގޮތެއް ނުވި.,PDF ކިޔޭ ގޮތެއް ނުވި.
toast_pdf_saved,Addendum PDF saved.,އެޑެންޑަމް PDF ސޭވް ކުރެވިއްޖެ.,އެޑެންޑަމް PDF ސޭވް ކުރެވިއްޖެ.
toast_pdf_cleared,Addendum PDF cleared.,އެޑެންޑަމް PDF ފޮހެލެވިއްޖެ.,އެޑެންޑަމް PDF ފޮހެލެވިއްޖެ.
toast_signup_thanks,Thanks — you're on the list.,ޝުކުރިއްޔާ — ތިޔައީ ލިސްޓުގައި.,ޝުކުރިއްޔާ — ތިޔައީ ލިސްޓުގައި.
toast_img_only,Please upload an image file.,ފޮޓޯ ފައިލެއް އަޕްލޯޑް ކޮށްލައްވާ.,ފޮޓޯ ފައިލެއް އަޕްލޯޑް ކޮށްލައްވާ.
toast_img_read_fail,Could not read image.,ފޮޓޯ ކިޔޭ ގޮތެއް ނުވި.,ފޮޓޯ ކިޔޭ ގޮތެއް ނުވި.
toast_photo_updated,Photo updated.,ފޮޓޯ އަޕްޑޭޓް ކުރެވިއްޖެ.,ފޮޓޯ އަޕްޑޭޓް ކުރެވިއްޖެ.
toast_photo_cleared,Photo cleared.,ފޮޓޯ ފޮހެލެވިއްޖެ.,ފޮޓޯ ފޮހެލެވިއްޖެ.
accordion_open,Open,ހުޅުވާ,ހުޅުވާ
accordion_close,Close,ބަންދުކުރޭ,ބަންދުކުރޭ
ledger_subtitle,Transparency & Integrity,ދެފުށް ފެނުން އަދި އަމާނާތްތެރިކަން,ދެފުށް ފެނުން އަދި އަމާނާތްތެރިކަން
ledger_title,Campaign Public Ledger,ކެމްޕޭން ޕަބްލިކް ލެޖަރ,ކެމްޕޭން ޕަބްލިކް ލެޖަރ
ledger_intro,We believe in complete transparency. Every Rufiyaa donated and every Rufiyaa spent is tracked here weekly.,ފުރިހަމަ ދެފުށް ފެނުމަށް އަޅުގަނޑުމެން ގަބޫލުކުރަން. ލިބޭ ކޮންމެ ރުފިޔާއެއް އަދި ޚަރަދުކުރާ ކޮންމެ ރުފިޔާއެއް މިތަނުން ހަފްތާއަކު ބެލޭނެ.,ފުރިހަމަ ދެފުށް ފެނުމަށް އަޅުގަނޑުމެން ގަބޫލުކުރަން. ލިބޭ ކޮންމެ ރުފިޔާއެއް އަދި ޚަރަދުކުރާ ކޮންމެ ރުފިޔާއެއް މިތަނުން ހަފްތާއަކު ބެލޭނެ.
summary_income,Total Income,ޖުމްލަ އާމްދަނީ,ޖުމްލަ އާމްދަނީ
summary_outgoing,Total Outgoing,ޖުމްލަ ޚަރަދު,ޖުމްލަ ޚަރަދު
th_date,Date,ތާރީޚް,ތާރީޚް
th_from,From,ފަރާތް,ފަރާތް
th_details,Details,ތަފްސީލް,ތަފްސީލް
th_ref,Ref,ރެފް,ރެފް
th_amount,Amount,ޢަދަދު,ޢަދަދު
th_total,Total,ޖުމްލަ,ޖުމްލަ
loading,Loading data...,ޑޭޓާ ލޯޑުކުރެވެނީ...,ޑޭޓާ ލޯޑުކުރެވެނީ...
ledger_note,These records are pulled directly from our campaign finance spreadsheet.,މި ރެކޯޑުތައް ނެގެނީ ސީދާ އަޅުގަނޑުމެންގެ ކެމްޕޭން ފައިނޭންސް ސްޕްރެޑްޝީޓުން.,މި ރެކޯޑުތައް ނެގެނީ ސީދާ އަޅުގަނޑުމެންގެ ކެމްޕޭން ފައިނޭންސް ސްޕްރެޑްޝީޓުން.